text_id,text,user_id,label,username,created_at,source
73029b5ade1b41590b41a7cad48f47857c40c649,!! https://t.co/SJYiG0jKR7,44196397,0,elonmusk,2025-10-01 23:33:19+00:00,Twitter API v2
ba4ef7566b99776c1a33c00b047af890c3b3519f,Cancel Netflix https://t.co/y0w2WU1EiI,44196397,0,elonmusk,2025-10-01 23:26:30+00:00,Twitter API v2
23b80de1fba2b6577b239849f96e957d5ee28939,@EricLDaugh Enough is enough!,44196397,0,elonmusk,2025-10-01 23:25:52+00:00,Twitter API v2
64a3d470fe1faf68ec13c3ccba77e460adc8e65f,"Wow, 100% of Netflix employee donation are to the Democratic Party! https://t.co/MvXGEYolKF",44196397,0,elonmusk,2025-10-01 23:01:24+00:00,Twitter API v2
6a16d352f77219d45896c000c29fead485b04fc0,Essential https://t.co/CVmm5gA9Lz,44196397,0,elonmusk,2025-10-01 22:55:34+00:00,Twitter API v2
7deffc79f653f329b4f99a5dbdbbea3da0ddea45,@robsmithonline üá∫üá∏,44196397,0,elonmusk,2025-10-01 22:53:43+00:00,Twitter API v2
77bf11210ad65d61787b94ab54b26b64abd59718,"RT @teslaeurope: In September, 1 out of 3 cars sold in Norway üá≥üá¥ was a Tesla",44196397,0,elonmusk,2025-10-01 22:53:22+00:00,Twitter API v2
ab188041c2390dc56670c63818caa165a16cfec5,"RT @SawyerMerritt: Tesla‚Äôs diner sold as many hamburgers in Q3 as the average McDonald‚Äôs does in the U.S., despite the diner having only op‚Ä¶",44196397,0,elonmusk,2025-10-01 22:52:58+00:00,Twitter API v2
9a1e7b0c8257a0d37872e642ac3191fc90b9be51,"RT @mazemoore: Gavin Newsom tried ""free"" healthcare for illegal immigrants. Here's how it turned out.

2022. Newsom announces California wi‚Ä¶",44196397,0,elonmusk,2025-10-01 22:52:35+00:00,Twitter API v2
edf6b2c5a6b2228580278a071169cad44c773db3,@jasondebolt ‚ù§Ô∏è,44196397,0,elonmusk,2025-10-01 22:51:55+00:00,Twitter API v2
8ec3acb89190757d26f3ef9d9cc871378605f29e,"RT @Eric_Schmitt: Excellent.

These so-called ‚Äúanti-hate‚Äù groups have smeared, censored and attacked patriotic Americans for decades.

They‚Ä¶",44196397,0,elonmusk,2025-10-01 22:51:36+00:00,Twitter API v2
78496bc2ad66fa3207173503ef6841b27fc6ef86,@JaneidyEve Looks like notifications are not working properly,44196397,0,elonmusk,2025-10-01 22:51:06+00:00,Twitter API v2
f2b0435a68b925c4f504cfd2121c6ddbe9db38f8,"Please reply if you see this within 5 minutes of posting, but not later than that. 

This is a test to determine how long it takes for users to receive notifications of ùïè posts on their actual device.",44196397,0,elonmusk,2025-10-01 22:36:46+00:00,Twitter API v2
1263dbbd8a6cc784790c5db0207b7037023192e1,"Cool!

Starlink will keep improving as we launch more satellites. https://t.co/V2Ua12h6j2",44196397,0,elonmusk,2025-10-01 22:23:02+00:00,Twitter API v2
ee45e40074147bae20fac9bdba417c3da58f298e,"RT @DVanLangenhove: 19-year-old Philippine Le Noir de Carlan, a brilliant student and scout leader, went for a walk in Paris during lunchti‚Ä¶",44196397,0,elonmusk,2025-10-01 22:22:12+00:00,Twitter API v2
9c56ee8975f02c61d91d856623cee1775b21f228,@BigImpactHumans @Tesla ‚ù§Ô∏è,44196397,0,elonmusk,2025-10-01 22:15:52+00:00,Twitter API v2
3434cfb67ec9aff5808c082f15c764bb785d1401,@AravSrinivas What issues are you seeing?,44196397,0,elonmusk,2025-10-01 22:15:05+00:00,Twitter API v2
907ffadc80aee8be8c3d4a5b8bbad7e553483b3f,@SawyerMerritt Cool,44196397,0,elonmusk,2025-10-01 22:11:29+00:00,Twitter API v2
9db8ca9e078e55f31de2e7e9eed249a9e265ede9,I do this periodically,44196397,0,elonmusk,2025-10-01 22:11:01+00:00,Twitter API v2
bf6053000b0a5db34040882f6a52b41f99804ffe,.,44196397,0,elonmusk,2025-10-01 22:05:06+00:00,Twitter API v2
309fb9331887be74cfacdaf773c3b8c762910b26,@OzraeliAvi Yes,44196397,0,elonmusk,2025-10-01 21:39:12+00:00,Twitter API v2
a1adf804a74e51f32eaf0074cea487ee002c9f54,@_SFTahoe Yup,44196397,0,elonmusk,2025-10-01 21:38:51+00:00,Twitter API v2
ac3ceb987d5ea35f107c4a435c5f8f987373062a,@dissidentwest !!,44196397,0,elonmusk,2025-10-01 21:38:22+00:00,Twitter API v2
18e39b7cb6a72bfc8a2cd41fe8999f42e8cdf954,"RT @Gwynne_Shotwell: Starlink Direct to Cell delivered its first text message in early 2024, and a few months later demonstrated video-call‚Ä¶",44196397,0,elonmusk,2025-10-01 21:15:09+00:00,Twitter API v2
0f8a0368108376d48f24b5d6a5fce2272af29dac,!! https://t.co/QOB4uPlCIv,44196397,0,elonmusk,2025-10-01 21:11:27+00:00,Twitter API v2
cd76dc38ecdc5aef96b2b96a38724c6afb70c0c1,@tadgh_dc Wow,44196397,0,elonmusk,2025-10-01 21:11:15+00:00,Twitter API v2
92b7f2b4d7bd84e1b23820a90ff82640a6081643,RT @nicksortor: üö® BREAKING: FBI Director Kash Patel confirms the FBI has fully cut ties with the ADL after they labeled Turning Point and C‚Ä¶,44196397,0,elonmusk,2025-10-01 21:11:03+00:00,Twitter API v2
5f72b43fd61533bce0a93400d7104657599ff483,RT @JDVance: https://t.co/EZTyrl68SI,44196397,0,elonmusk,2025-10-01 21:10:43+00:00,Twitter API v2
39d4a2b8ca3a194c84e27c5bae165d962194aae8,"While not without its flaws, there is wisdom in the jury system https://t.co/c7VIBfWfTo",44196397,0,elonmusk,2025-10-01 17:49:51+00:00,Twitter API v2
d94f36e14f51e7961014c2c961684c558b1e2bf3,Cancel Netflix https://t.co/K0ZLCbWHHo,44196397,0,elonmusk,2025-10-01 17:48:39+00:00,Twitter API v2
0e0cbcee297af7ecf37602fc895dedc794194022,@zarathustra5150 They will add madness like this to the footnotes of the obituary of Western Civilization,44196397,0,elonmusk,2025-10-01 17:47:35+00:00,Twitter API v2
987b4a74e5f92aec497148deb37a8e905074b2be,@ScottJenningsKY üòÇüíØ,44196397,0,elonmusk,2025-10-01 17:46:30+00:00,Twitter API v2
fb0432ee8cb50c4362fb4ee4e84f9d176f0bd0e8,"@9mm_smg True. 

Massive reform is needed.",44196397,0,elonmusk,2025-10-01 17:46:09+00:00,Twitter API v2
0c19185364459b616ca67c2f6e5eb884dd893ca7,"RT @libsoftiktok: .@CCSDK12 says they‚Äôre ‚Äúcommitted to interrupting the role and presence of whiteness‚Äù

What?

How do white kids in the di‚Ä¶",44196397,0,elonmusk,2025-10-01 17:45:42+00:00,Twitter API v2
9e25a41bdc92b1912e935b2ca1c615e668900628,@libsoftiktok @CCSDK12 This is super racist of them!,44196397,0,elonmusk,2025-10-01 17:45:40+00:00,Twitter API v2
730a16e1b1a787556c0dbb979b9d5a47e7455291,@tadgh_dc What!?,44196397,0,elonmusk,2025-10-01 17:44:56+00:00,Twitter API v2
549f21f8a49723fcee4a716c398d0f83b556db67,"@iliketeslas The ADL absolutely needs a major overhaul. It isn‚Äôt helping anyone, Jewish or otherwise!",44196397,0,elonmusk,2025-10-01 17:44:12+00:00,Twitter API v2
62a420a4532e48c52cb3ae96af2e01e38fa22a58,"With rare exception, ideas really are trivial compared to execution.

For example, the idea of going to the Moon is simple, but ACTUALLY going to the Moon is staggeringly difficult.",44196397,0,elonmusk,2025-10-01 17:42:19+00:00,Twitter API v2
a3dd7f5629cd8e9cff082c6d8bbe49fb2835517a,"RT @chamath: This is not social justice reform when someone like this walks the streets. 

This is chaos. 

Listen to this father.",44196397,0,elonmusk,2025-10-01 17:35:44+00:00,Twitter API v2
f05390879c09f30772f39d4c98370c0dd5f4042f,@Sargon_of_Akkad Exactly. Why the double standard?,44196397,0,elonmusk,2025-10-01 17:35:22+00:00,Twitter API v2
0014c3ea40b4a7a772d4a9dc4fce24863474fa1d,@RupertLowe10 I‚Äôm making a difference or he wouldn‚Äôt care! üá¨üáßüá¨üáßüá¨üáß,44196397,0,elonmusk,2025-10-01 17:33:20+00:00,Twitter API v2
87cae03bce414f0bdc38c2e474d21d3619b3efe8,It‚Äôs not ok to say this about any group! https://t.co/PzofHZEOsf,44196397,0,elonmusk,2025-10-01 17:31:59+00:00,Twitter API v2
a0d9703e63cfbcaf0db2e93efb1893d0e05d0b5f,@MikeBenzCyber üíØü§£,44196397,0,elonmusk,2025-10-01 17:31:09+00:00,Twitter API v2
952ed3117c4359c08594a2ad7e578c0fd96e0042,Super important for civilization https://t.co/uCiLhKLHn7,44196397,0,elonmusk,2025-10-01 17:30:51+00:00,Twitter API v2
0314bb808d37eb6b10fabc7f66b7dd18224b8ff8,@timburchett Super messed up for a kids show!,44196397,0,elonmusk,2025-10-01 17:30:25+00:00,Twitter API v2
045e3ac735002d684dc8a8787d6ccd29b6a0f777,RT @timburchett: Demonic,44196397,0,elonmusk,2025-10-01 17:29:54+00:00,Twitter API v2
de77a671ccf5ff32d35518ea05267e606c09f96a,@grok @KhoeleKabelo @News24 @SithandiweVelap That genocidal maniac needs to be in prison,44196397,0,elonmusk,2025-10-01 17:29:24+00:00,Twitter API v2
b3301438975c585c2848e5bf58844509b1c8c934,"RT @Tesla: Kiyoko has been with Tesla for 12 years.

She used her hard-earned Tesla stock ‚Äì and the tremendous value it‚Äôs generated over th‚Ä¶",44196397,0,elonmusk,2025-10-01 17:28:10+00:00,Twitter API v2
544cda02f6a8b2c4ac854151b60f8447d2e8c589,"RT @WallStreetMav: When memes were made of JD Vance, he posted it himself and leaned into it. He thought it was hilarious.

When a meme is‚Ä¶",44196397,0,elonmusk,2025-10-01 17:27:51+00:00,Twitter API v2
48fc779d88234b4b4b8a2aab7e8504d4152d503c,"The FBI was taking their ‚Äúhate group‚Äù definitions from ADL, which is why FBI was investigating Charlie Kirk &amp; Turning Point, instead of his murderers ‚Ä¶ https://t.co/xTAfSY8vqr",44196397,0,elonmusk,2025-10-01 16:47:49+00:00,Twitter API v2
7cbf7f4fd70becca5546fa24252e934b5615ba23,"RT @Dapper_Det: üö®NEW MUGSHOT: This is 42-year-old Roberto De La Cruz Mendez, just arrested for savagely raping a 7-year-old in North Caroli‚Ä¶",44196397,0,elonmusk,2025-10-01 16:43:00+00:00,Twitter API v2
8326cc526e1eac2c92312e28f246f4e89088fa2d,@amuse Wow,44196397,0,elonmusk,2025-10-01 16:42:24+00:00,Twitter API v2
71c01304a9eac50f3211bffe8dd828ca5ba35486,"Shameful action by Judge Price. 

Remove him from the bench! https://t.co/1LPOpuR28m",44196397,0,elonmusk,2025-10-01 16:40:19+00:00,Twitter API v2
52b05a42dc07fcdb8cfc900de541d8f978f432aa,"@TooWhiteToTweet The vast majority of Jewish people are White, if not peak White, so this really makes no sense ü§¶‚Äç‚ôÇÔ∏è",44196397,0,elonmusk,2025-10-01 16:39:23+00:00,Twitter API v2
07f469fd24ae9af5f056a28b9c52a14ebcc9b600,@kangminjlee Seriously?,44196397,0,elonmusk,2025-10-01 16:37:34+00:00,Twitter API v2
744c43321b9d7692793bdfaad9313b92bf726131,@EricLDaugh üíØ,44196397,0,elonmusk,2025-10-01 09:26:28+00:00,Twitter API v2
b2ed8ba0f883451da7ed0e91720f3fdd44b62ecb,"RT @EricLDaugh: üö® BREAKING: In an outrageous development, US Citizenship and Immigration Director exposes that the migrant parole program w‚Ä¶",44196397,0,elonmusk,2025-10-01 09:26:24+00:00,Twitter API v2
eba79f7d6e99006ce2fd4807f785f7a5161f440b,"RT @Anc_Aesthetics: One of the biggest lies ever told is that leftists (communists) are ""the compassionate ones."" These are the most evil p‚Ä¶",44196397,0,elonmusk,2025-10-01 09:25:54+00:00,Twitter API v2
33fa42ffded4a2cca181245044740191fff65fec,"RT @iam_smx: Wikipedia should have just taken that $1 billion offer from Elon Musk, it's too late, the rival is coming: Grokipedia! https:/‚Ä¶",44196397,0,elonmusk,2025-10-01 09:25:19+00:00,Twitter API v2
2c3f81b5fe18f695cfee205fb67e85df16dbc0e1,https://t.co/tu4nztFwwG https://t.co/kNepL43eB0,44196397,0,elonmusk,2025-10-01 09:22:26+00:00,Twitter API v2
6f33f91f33697932d4824b9031afdb0a9fc8ee5b,@StephenM üíØ,44196397,0,elonmusk,2025-10-01 07:55:14+00:00,Twitter API v2
e5f2559c8380c12a9b4cea90a41c48d0aa080167,"RT @MAGAVoice: BREAKING üö® After Elon Musk told his 226 million followers he‚Äôs CANCELLING Netflix, the trend has gone VIRAL of people postin‚Ä¶",44196397,0,elonmusk,2025-10-01 07:54:57+00:00,Twitter API v2
6eb7131fd01c1c1a8932ecd0bf2f01a359c3dfba,"RT @RepMarkHarrisNC: Iryna Zarutska's murderer was arrested 14 TIMES before killing her.

Logan Federico's murderer was arrested 39 TIMES b‚Ä¶",44196397,0,elonmusk,2025-10-01 07:54:40+00:00,Twitter API v2
714f2a256a07edc3b22f9b1617045ee96ab472d3,@IcedViews @Anc_Aesthetics üòÇ,44196397,0,elonmusk,2025-10-01 07:54:20+00:00,Twitter API v2
cfa4faf3886a8f2b2c0736c37be7f9be54877e84,@Anc_Aesthetics That needs to stop,44196397,0,elonmusk,2025-10-01 07:54:07+00:00,Twitter API v2
369ae4e2e2462ab638a025b9d94c2880e75f3793,@strengthPlan Wise choice,44196397,0,elonmusk,2025-10-01 07:53:19+00:00,Twitter API v2
a4b9427417ee238a1ebece4b7c4cc2ab4ad48b96,@tetsuoai It‚Äôs gonna be amazing,44196397,0,elonmusk,2025-10-01 07:52:35+00:00,Twitter API v2
1cb7ce489c4b9b2905e342f133efc665f71ec44d,RT @tetsuoai: MACROHARD,44196397,0,elonmusk,2025-10-01 07:52:17+00:00,Twitter API v2
52a90796bcdb477b5582d9885fa5a251a87372c1,"RT @RapidResponse47: .@SecWar: ""If women can make it, excellent. If not, it is what it is... It will also mean that weak men won't qualify‚Ä¶",44196397,0,elonmusk,2025-10-01 07:50:52+00:00,Twitter API v2
293ede40be4deaa0bece95d14b1add456b1d8542,"@RealJamesWoods I hold one passport now &amp; forever:

America.

I will live &amp; die here. 

Or Mars (part of America).",44196397,0,elonmusk,2025-10-01 07:50:15+00:00,Twitter API v2
16c89b55399c685dca9001431224077901c1034c,"RT @WhiteHouse: The Democrat Party wants:

‚ùå Open borders 
‚ùå ‚ÄòTransgender‚Äô for everybody
‚ùå Men competing in women‚Äôs sports
‚ùå Crime and lawl‚Ä¶",44196397,0,elonmusk,2025-10-01 07:47:03+00:00,Twitter API v2
73b4a85225db73871520e3dabc037d745773104b,RT @tetsuoai: Grok Code Fast 1 and Grok 4 Fast are still holding the #1 and #2 positions on OpenRouter. https://t.co/fmkbPNO457,44196397,0,elonmusk,2025-10-01 07:46:44+00:00,Twitter API v2
f9432b0cc3d4b9efd0dff3f70fe2f24c3e69bf7a,"RT @SenJohnKennedy: The loon wing of the Democratic Party thinks that if a cop has to shoot a criminal, it‚Äôs automatically the cop‚Äôs fault.‚Ä¶",44196397,0,elonmusk,2025-10-01 07:46:36+00:00,Twitter API v2
ae828bdb16a3f197a63a0e126118631a0887a784,@fentasyl An accurate assessment,44196397,0,elonmusk,2025-10-01 07:45:25+00:00,Twitter API v2
71925b2df75382c3b6250c166555432cb40409d1,@ComradeDoyIe ü§£üíØ,44196397,0,elonmusk,2025-10-01 07:44:05+00:00,Twitter API v2
eab6e1345c1a2f376906b56f8c9254dfeff995ed,"Good
 https://t.co/VErf7eZB26",44196397,0,elonmusk,2025-10-01 07:43:48+00:00,Twitter API v2
75deea2b2d4647bcc397ea85574823d4f3442cc4,Cancel Netflix for the health of your kids https://t.co/uPcGiURaCp,44196397,0,elonmusk,2025-10-01 07:42:42+00:00,Twitter API v2
dcfa4c68d84ff98a54d8fb3f96dade71d5508fae,@EndWokeness True,44196397,0,elonmusk,2025-10-01 07:41:51+00:00,Twitter API v2
a93851680e71ebd29a4ef723c5f329fc00f34d7f,@DefiantLs ü§£ü§£,44196397,0,elonmusk,2025-10-01 07:41:30+00:00,Twitter API v2
9a4699b8f12e7002c6c723d8616e54483cf0c613,@tetsuoai Yes,44196397,0,elonmusk,2025-10-01 07:39:51+00:00,Twitter API v2
cd4d8e8bbe9c9cc697aa759a97c3b09d5581f2eb,@C_3C_3 ü¶æüá∫üá∏,44196397,0,elonmusk,2025-10-01 07:38:57+00:00,Twitter API v2
5544d5375a5b909eab8a4086bea163201cc15990,@Gavin_McInnes üî•ü§£,44196397,0,elonmusk,2025-10-01 07:38:17+00:00,Twitter API v2
0678f93c086628afade6a2cf7d0e89942ffb4442,üíØ https://t.co/U46gPWqcG5,44196397,0,elonmusk,2025-10-01 07:36:07+00:00,Twitter API v2
cc293aa294d8dfcda24b49cc4cf2fa7adca3a99e,RT @EndWokeness: Charlie Kirk on government shutdowns https://t.co/3trLacB2dS,44196397,0,elonmusk,2025-10-01 07:35:06+00:00,Twitter API v2
d8e155336106f95c71fb43bd551639c5018592ec,@realDonaldTrump üòÇ,44196397,0,elonmusk,2025-10-01 07:32:50+00:00,Twitter API v2
bb19c534099787e27540e02b87127f66a575b354,The ADL is a hate group https://t.co/E7SXOajgoU,44196397,0,elonmusk,2025-10-01 07:31:03+00:00,Twitter API v2
0cb976fef82a675fd85ef231a6b9b856e9731d7b,@AuronMacintyre True,44196397,0,elonmusk,2025-10-01 07:29:24+00:00,Twitter API v2
480a2ee9b11e417cacc3a656b3f04571e4dddf8d,@matt_vanswol Who are the judges and DAs who let this murderer loose?,44196397,0,elonmusk,2025-10-01 07:27:40+00:00,Twitter API v2
b955535764a5c2a5ef9d921c7dc2b640ea76e132,"Listen to this father. 

We need to hold judges &amp; DAs responsible for releasing vicious murderers on innocent victims. 

 https://t.co/tywRva8qvI",44196397,0,elonmusk,2025-10-01 07:26:49+00:00,Twitter API v2
d5cf30b01452bd8fe57031fd5bfe5fe7843b7aaa,Exactly. Those attacks are so overused as to make them meaningless. https://t.co/PQASvWrs89,44196397,0,elonmusk,2025-10-01 06:24:52+00:00,Twitter API v2
313b5c9dc7f9218779ce05d511a4b4f1448ab766,This is sorely neede https://t.co/ihpewdF6tw,44196397,0,elonmusk,2025-10-01 06:22:24+00:00,Twitter API v2
6d3b5faa5d5549c88e2f116240b47212af43d398,@libsoftiktok Good,44196397,0,elonmusk,2025-10-01 06:20:19+00:00,Twitter API v2
2bb918730ef98d971bd697913cb07b016ad2fad9,"@the_jefferymead Yeah, this is messed up. Not ok for kids.",44196397,0,elonmusk,2025-10-01 06:19:00+00:00,Twitter API v2
71bf9335fdbe87952119d8b1c60cbce582b712eb,@nicksortor Great,44196397,0,elonmusk,2025-10-01 06:18:27+00:00,Twitter API v2
6d8f04cc898acb81b27234c015148421977aae19,RT @mazemoore: Remember when Nancy Pelosi was the one demanding that illegal immigrants not be allowed to get government healthcare benefit‚Ä¶,44196397,0,elonmusk,2025-09-30 22:31:10+00:00,Twitter API v2
52123dbf34815dfed321af4c1850474c74f62ac7,@C_3C_3 Enough! Repeat violent offenders need to remain in prison.,44196397,0,elonmusk,2025-09-30 22:30:23+00:00,Twitter API v2
5fdfaa54b78dbf32fc062b70356d4ed2b9de7080,"RT @CollinsforTX: In 2019, every Democrat presidential candidate rose their hand in support for healthcare for illegal aliens.

Today, Demo‚Ä¶",44196397,0,elonmusk,2025-09-30 22:19:59+00:00,Twitter API v2
9e1b20a6022ec4d1314fa04db8c1538e86b19c82,This needs to stop https://t.co/dqL0i6ELiM,44196397,0,elonmusk,2025-09-30 22:19:25+00:00,Twitter API v2
bc37f98d92d2e2b57f39f462c3f1a87d4de02de9,@hayasaka_aryan Wow,44196397,0,elonmusk,2025-09-30 22:19:15+00:00,Twitter API v2
dcb05283e3f4ba72181db2f1089269e60756e21b,"@tetsuoai @nikitabier This is the work of the Grok AI team, not any individual",44196397,0,elonmusk,2025-09-30 22:18:45+00:00,Twitter API v2
text_id,text,user_id,label,username,created_at,source
90fd46c211a4da006b00614a4df07bfefce716d7,"Keep an eye on the night sky in October‚Äîyou might catch a falling star!

The Orionid meteor shower reaches its peak on the night of Oct. 21-22, and the Draconids will also be visible earlier in the month. Check out what else to watch out for: https://t.co/JlRSzHUlbA",11348282,0,NASA,2025-09-30 21:18:04+00:00,Twitter API v2
bffe1805ea0d3bb4d41feacd1e66546aeb51a6ef,"A nice(ar) view of Earth üòé
 
NISAR has released preliminary radar images that showcase its ability to distinguish between different land cover. Launched in July, this satellite tracks changes in land and ice surfaces on Earth. https://t.co/EiwM0NtAcM https://t.co/fCJeVTqaYd",11348282,0,NASA,2025-09-29 17:34:52+00:00,Twitter API v2
0380f573b7c5be5c84f8a8703e6236297ae96921,RT @SecDuffyNASA: I‚Äôm here in Sydney at the 76th International Aeronautical Congress where I‚Äôll be meeting with global space leaders this w‚Ä¶,11348282,0,NASA,2025-09-29 13:25:02+00:00,Twitter API v2
94ca9b9f64a8665071ba00e9e3e3b40ace3dd329,"RT @NASASpox: It's been a jam-packed week at NASA as we keep America LEADING in air and space.‚ú®

üßë‚ÄçüöÄ 10 new astronaut candidates
‚òÄÔ∏è 3 space‚Ä¶",11348282,0,NASA,2025-09-26 18:47:12+00:00,Twitter API v2
b6861243e6eac28cedf4ba4170fcd3c591854c2c,"Our astronaut candidates are about to begin two years of training. Come join the journey!

Follow @astro_benbailey, @astro_fuhrmann, @astro_camjones, @astro_lawler and @AstroAnnaMenon here on X: https://t.co/QWNvMKffNW
Check out our other social accounts: https://t.co/ntewbhK186 https://t.co/aKdvj4qwDI",11348282,0,NASA,2025-09-26 18:22:11+00:00,Twitter API v2
346468d30a7e721c0e5f01c54536aade42eeb274,"RT @NASA_Johnson: NASA‚Äôs all-American 2025 astronaut candidates are here! üßë‚ÄçüöÄ

On this week‚Äôs #HWHAP, the 2025 astronaut candidates join us‚Ä¶",11348282,0,NASA,2025-09-26 15:49:56+00:00,Twitter API v2
9ffb0eb60798016e34a6d04564f9ba92f07687c2,"Astronaut Chris Williams, who is scheduled to launch to the @Space_Station aboard a Soyuz spacecraft on Nov. 27, will talk about his upcoming mission in a news conference on Oct. 1. More info: https://t.co/d2lJuPycpn https://t.co/WEMGhFUUMX",11348282,0,NASA,2025-09-25 17:07:42+00:00,Twitter API v2
91a68de4044c80bad7a749cf9837c818e6249165,"RT @NASAAmes: Buzz, buzz! Our Astrobee robots have been buzzing around the @Space_Station for six years!

From creating 3D maps to detectin‚Ä¶",11348282,0,NASA,2025-09-25 13:34:04+00:00,Twitter API v2
e931e12acb64dd40e1108eecaeca6bd1cbd3ecda,".@SecDuffyNASA: Nothing embodies the American Dream more than our Astronaut Candidate Class of 2025.

One of these ten could be the first person to set foot on the surface of Mars.

Welcome to the Golden Age of Human Space Exploration! üí´üá∫üá∏üßë‚ÄçüöÄ https://t.co/2k04crOwrl",11348282,0,NASA,2025-09-24 16:00:24+00:00,Twitter API v2
3ba3f07deb09f1da27c3b53b3d8347b0514b02f9,"Integrity.

That's what the Artemis II astronauts have decided to name their Orion spacecraft, which will take them from @NASAKennedy on their journey around the Moon and return them safely back to Earth. https://t.co/EDwyOYkOeK",11348282,0,NASA,2025-09-24 14:24:49+00:00,Twitter API v2
f48db204982fe02e6f486886958d00417cb4ce75,"LIVE: Hear from the astronauts flying aboard the Artemis II test flight ‚Äî the first crewed Artemis mission ‚Äî in early 2026.

Their ~10-day mission will launch from @NASAKennedy in Florida, fly around the Moon, and splash down in the Pacific Ocean. https://t.co/qdWyUFD2aE",11348282,0,NASA,2025-09-24 14:01:11+00:00,Twitter API v2
80f85b92462f94abb79074f6ca2d0ae1694f799c,All three spacecraft have been deployed and are on their way to their destination! Keep following https://t.co/HxAO7Kacff for the latest updates on our solar science missions. https://t.co/W0JZrTz02b,11348282,0,NASA,2025-09-24 13:32:24+00:00,Twitter API v2
f644d58359bc2199d589e0f8a17e621e6ef9444b,"The million-mile journey to study the Sun's influence starts now!
 
A @SpaceX Falcon 9 rocket carrying three new space weather missions launched at 7:30am ET (1130 UTC) on Wednesday, Sept. 24, from @NASAKennedy. https://t.co/sGyN13LMX5",11348282,0,NASA,2025-09-24 11:33:50+00:00,Twitter API v2
124319848c69c6475fe6e0dfdf230e4296b1a528,We're still taking your questions about today's launch on our live broadcast! Share them with the #AskNASA hashtag and we'll keep an eye out. https://t.co/mcdeN5ffcg,11348282,0,NASA,2025-09-24 11:22:18+00:00,Twitter API v2
3287b86ab4f623bb30fa9b01485bb9f077b15818,"How does understanding space weather help protect our astronauts on missions to the Moon, Mars, and beyond?

Learn more from NASA heliophysicist Kelly Korreck. https://t.co/lFsUCHtml3",11348282,0,NASA,2025-09-24 10:56:46+00:00,Twitter API v2
f235b3b2c9a3edc5c63d087ce8fd591005ba9a05,"In Spanish, space weather is meteorolog√≠a especial.
 
¬øQuieres ver el despegue de estas tres misiones de meteorolog√≠a espacial comentado en espa√±ol? √önete a nosotros: https://t.co/sYC5nkXEs8",11348282,0,NASA,2025-09-24 10:49:47+00:00,Twitter API v2
f1f3c223687f64071593effe845c2617be39b9ef,"LIVE: Join us for the launch of three missions to investigate how the Sun impacts Earth, astronauts, and the solar system. Share your questions with #AskNASA and we'll answer a few on air! https://t.co/3y219NvTsA",11348282,0,NASA,2025-09-24 10:40:30+00:00,Twitter API v2
e2232a3215847856ebddfe6bda4854de18d708a0,RT @SecDuffyNASA: A Virtual Astronaut Tissue Analog Response (AVATARs) for astronaut health are flying around the Moon - ANOTHER FIRST for‚Ä¶,11348282,0,NASA,2025-09-23 20:26:55+00:00,Twitter API v2
56a4800be8a2975e9a15341cce00a61779e8e9d6,"LIVE: Learn all about the innovative science and tech flying aboard the Artemis II mission.
 
Scientific investigations will fly alongside the four astronauts around the Moon, including ways to monitor astronaut health. https://t.co/j7wAq8RiI1",11348282,0,NASA,2025-09-23 16:00:31+00:00,Twitter API v2
fd83ce9632803374f2fb3ef61eacfbad3ec7ac3b,"LIVE: Experts are discussing the latest on the Artemis II mission.
 
Artemis II, which will send four astronauts around the Moon next year, will prepare us for crewed missions to the lunar surface and future Martian missions. https://t.co/cSYV1KcEi9",11348282,0,NASA,2025-09-23 14:00:36+00:00,Twitter API v2
5877590843031cb4ba95a8ae762156b90fd620b0,"Sept. 22 is the autumnal equinox in the Northern Hemisphere. On this day, our planet isn't tilted toward or away from the Sun, and both day and night are almost exactly 12 hours (with a few small exceptions).
 
How will you celebrate the start of fall? https://t.co/5UILrIzMrp",11348282,0,NASA,2025-09-22 19:15:05+00:00,Twitter API v2
808cfc83175397b6cf45d9bb46804559e609a832,"Our new astronaut candidates are taking your questions!

Join us for our @Reddit AMA (Ask Me Anything) ‚Äî we'll track the upvotes and be back to respond at 5:30pm ET (2130 UTC): https://t.co/HgxRvWvXie https://t.co/64mFr18MzF",11348282,0,NASA,2025-09-22 18:02:33+00:00,Twitter API v2
a82e35aa180f7d5d259132ba4997d1da0d8263ac,"RT @NASA_Johnson: .@NASA‚Äôs 10 new astronaut candidates were introduced Monday following a competitive selection process of more than 8,000‚Ä¶",11348282,0,NASA,2025-09-22 17:49:05+00:00,Twitter API v2
cbbb5c07a8e02377e87e3fcf321f4e0140323a0b,"""One of these ten could actually be one of the first Americans to put their boots on the Mars surface.""
 
@SecDuffyNASA speaks to NASA's newest class of astronaut candidates. https://t.co/vTIhCRQ9Oh",11348282,0,NASA,2025-09-22 17:10:51+00:00,Twitter API v2
794fbbdc84bd5af31f07957f8f965d760b090a76,"Welcome to the 2025 class of astronaut candidates!

With backgrounds in medicine, the military, and even at NASA, these 10 men and women bring unique skills and experience which will help us journey to the Moon and Mars. https://t.co/CQzIxGYg4l",11348282,0,NASA,2025-09-22 16:47:19+00:00,Twitter API v2
67a91fbc44b46531e7728bfd65b33ceb229c2933,"LIVE: Meet our new class of astronaut candidates!

Chosen from over 8,000 applicants, our 2025 candidates will go through nearly two years of training before they graduate as flight-eligible astronauts. Tune in for the reveal. https://t.co/psQrtY3wHw",11348282,0,NASA,2025-09-22 16:30:24+00:00,Twitter API v2
d67fb06b5af00b249c17bb5fca6e64ab5163de28,"LIVE: Hear from scientists how three new missions, set to launch Tuesday, Sept. 23, will study space weather. Share your questions for our experts with the #AskNASA hashtag. https://t.co/ye292kZFRH",11348282,0,NASA,2025-09-21 19:45:26+00:00,Twitter API v2
e78c6cf40fbb340078fcfa769a7c03653ee376c7,"LIVE: Tune in for the latest updates from NASA, @NOAA, @SpaceX, and others about the launch of three new missions to study space weather and solar storms. Liftoff of the Falcon 9 rocket is scheduled for Tuesday, Sept. 23. https://t.co/PiRUQbUp1d",11348282,0,NASA,2025-09-21 18:30:31+00:00,Twitter API v2
ab352040bc872fc749721c2ad95bb29f14c3c2d6,"RT @NASAScience_: After exploring innovative and cost-effective approaches, @NASA has selected @blueorigin to deliver the VIPER rover to th‚Ä¶",11348282,0,NASA,2025-09-19 20:33:09+00:00,Twitter API v2
61c6746847f01ef7e6c2a0179ac090dadb97d7e2,"RT @NASAJPL: As @NASA prepares to send human explorers to the Moon and beyond, we are advancing the technology that will enable high-defini‚Ä¶",11348282,0,NASA,2025-09-19 20:00:19+00:00,Twitter API v2
6b3475f146378ab34028c074edb60134d8c7d291,"RT @NASASpox: Another week, another step toward winning the second space race. üöÄ

üì¶ Safe Cargo Mission to ISS
ü™ê 6,000 planets outside of Mi‚Ä¶",11348282,0,NASA,2025-09-19 18:36:35+00:00,Twitter API v2
0918e07033ff205066296c96473795e547b98ca9,"RT @SecDuffyNASA: I want YOU to follow along with us as we announce @NASA's new class of astronauts. üßë‚ÄçüöÄ

Monday, September 22, at 12:30pm‚Ä¶",11348282,0,NASA,2025-09-18 20:12:46+00:00,Twitter API v2
b6d18233aafc0bb55bc130b3a6d2a7455b88aeff,"Hey kid‚Ä¶ wanna see a conjunction?
 
Before dawn on Sept. 19, you can! Nestled up to the crescent moon, you can find Venus and Regulus, one of the brightest nighttime stars. These three form a conjunction, meaning they appear near each other despite being far apart in space. https://t.co/JmxnvGOmfD",11348282,0,NASA,2025-09-18 18:55:56+00:00,Twitter API v2
d034ac8cf261db697ea19751a3947837ccf4c94d,"After our astronaut candidate announcement ceremony, our new candidates will be taking your questions in a @Reddit AMA. Check the r/nasa community at 5:30pm ET (2130 UTC) on Sept. 22 for their responses: https://t.co/Lhboq7Bi0k https://t.co/Cmpe8iVAvM",11348282,0,NASA,2025-09-18 14:49:33+00:00,Twitter API v2
2c86a9ebbd4669dea88fe3ae632d593e3bd290a4,"Meet our new class of future astronauts!

On Monday, Sept. 22, we're introducing our 2025 class of astronaut candidates, selected from over 8,000 applications. Tune in at 12:30 p.m. EDT (1630 UTC) for the reveal: https://t.co/EnoH75rTgR https://t.co/WugfaJsaQn",11348282,0,NASA,2025-09-18 14:49:30+00:00,Twitter API v2
12f30af5c6258104181e2c3552af1601e758aaf5,"At 10:10am ET (1410 UTC), the Cygnus XL spacecraft was successfully installed to the @Space_Station, bringing more than 11,000 pounds of supplies to the orbital lab. https://t.co/JUjrpuGONN",11348282,0,NASA,2025-09-18 14:16:59+00:00,Twitter API v2
74d66ae0cf398ac7e6255b4ef55d7c28e391fe86,LIVE: Watch the @Space_Station‚Äôs robotic arm guide @NorthropGrumman‚Äôs Cygnus XL spacecraft to a port on the station for installation. https://t.co/xCt27Y8iPA,11348282,0,NASA,2025-09-18 13:00:23+00:00,Twitter API v2
accaf4724805df25fe800f5cac7fd7451d8f666c,"At 7:24am ET (1124 UTC), the crew aboard the space station successfully captured Northrop Grumman‚Äôs CRS-23 spacecraft. Next, the Cygnus spacecraft will be installed to a port on the station‚Äîcoverage begins at 9am ET (1300 UTC). https://t.co/23Fsy1cLSj",11348282,0,NASA,2025-09-18 11:28:44+00:00,Twitter API v2
97ef90dac83977cf4cb044c5c2f1eeffe2a290bb,"The cargo spacecraft is approaching the @Space_Station, carrying science for the crew aboard. Learn more about the research inside: https://t.co/Yrw6wqkbiy https://t.co/mDgMhiNL21",11348282,0,NASA,2025-09-18 11:10:19+00:00,Twitter API v2
ab1ace00c89f48540f180b5a91e6ef10ae67e92a,"@Kaushik81018 Cygnus is carrying hardware, food for the crew, and research, including studies that aim to refine semiconductor crystals for next-generation technologies, improve medication production, &amp; manage fuel pressure: https://t.co/Yrw6wqkbiy
About the hardware: https://t.co/xPYNRYyLzd",11348282,0,NASA,2025-09-18 10:31:20+00:00,Twitter API v2
b6b80aed715dcbb2dafa5ba7c8042165e79d9a62,"LIVE: After launching from Cape Canaveral on Sept. 14, Northrop Grumman‚Äôs CRS-23 mission to the @Space_Station is arriving. Capture is scheduled for 7:18am ET (1118 UTC). https://t.co/7EmvkFxuKf",11348282,0,NASA,2025-09-18 09:45:12+00:00,Twitter API v2
7415863a4b50599a68fda24b081ef0d4d4346077,"RT @NASAUniverse: At our hearts, we are seekers, and today we celebrate a scientific milestone! 

Nearly 30 years after the first discovery‚Ä¶",11348282,0,NASA,2025-09-17 20:49:33+00:00,Twitter API v2
8a861d7fd21be8b39cad6aa4e81404f85c816ed1,"NASA and @NorthropGrumman are delaying the arrival of the Cygnus XL to the @Space_Station; the resupply spacecraft will not arrive at the station on Wednesday, Sept. 17, as originally planned. A new arrival date and time are under review. Details: https://t.co/36gSwdGfeu https://t.co/xsj4HorcOP",11348282,0,NASA,2025-09-16 23:25:44+00:00,Twitter API v2
e4f529582fe80c590c4a0dd1d790d150c4ac03e5,"Have you signed up to fly your name around the Moon?
 
If not, there‚Äôs still time to send your name with our crew on the Artemis II mission! Submitted names will be stored on a memory card inside the Orion spacecraft. Join the flight: https://t.co/5nu5GdtPvo https://t.co/h5q6zP4FwE",11348282,0,NASA,2025-09-16 17:53:23+00:00,Twitter API v2
97f35e6e3a5fb2a316d49fa92075acfbbd8aad30,"We're your front-row seat to the cosmos.

NASA has earned a spot on The Webby 30, a list of 30 companies and organizations that have shaped the digital landscape: https://t.co/QaNJYHLqGQ https://t.co/VXPBmjExGF",11348282,0,NASA,2025-09-16 15:14:45+00:00,Twitter API v2
7280e65cce5885c620ca4b2e40ea04a56cd3aabb,"On Artemis II, small chips with astronaut cells will fly with the crew around the Moon. Their @NASAScience_ mission: Study how deep space affects human tissue, so we can protect astronauts' health on future missions to the Moon and Mars. https://t.co/N9iFgzekyq https://t.co/0HUHqbao9P",11348282,0,NASA,2025-09-15 18:17:59+00:00,Twitter API v2
60f3abc9249e5480a8abe42a487aa3d0e7858af7,"Go Falcon, go Cygnus!

NASA's @NorthropGrumman CRS-23 mission blasted off from Space Launch Complex 40 at Cape Canaveral Space Force Station in Florida at 6:11pm ET (2211 UTC). https://t.co/amV5dHUBp2",11348282,0,NASA,2025-09-14 22:17:30+00:00,Twitter API v2
055af39dfda5448fa4e7ae95b4e4bd3ca0c98cfc,Cygnus is carrying supplies to produce pharmaceutical crystals that could treat cancer and other diseases‚Äîalong with a number of other experiments and demonstrations. Here's the rundown: https://t.co/8LZ8KukEV7,11348282,0,NASA,2025-09-14 22:05:52+00:00,Twitter API v2
6b3eb205be1923cb458ac03903ba0ad2d4e31705,"LIVE: It's time for a rocket launch!
 
NASA's @NorthropGrumman CRS-23 mission, lifting off atop a SpaceX Falcon 9 rocket, is heading to orbit to carry supplies to the @Space_Station. The uncrewed Cygnus XL spacecraft launches at 6:11pm ET (2211 UTC). https://t.co/pFN3YAVhay",11348282,0,NASA,2025-09-14 21:50:35+00:00,Twitter API v2
c040caa8451b7dba18191e20583cfb773f792a88,@zubidorm @Space_Station The crew aboard the station needs to eat too! Learn more about food in space: https://t.co/vskY4Cz4uI,11348282,0,NASA,2025-09-13 17:44:17+00:00,Twitter API v2
69f1ce3dde3b421e70943a7190b9207d14ff1699,"LIVE: After lifting off from Kazakhstan on Sept. 11, the Progress 93 cargo mission is arriving at the @Space_Station with food, fuel, and other supplies. Docking is scheduled for 1:27pm ET (1727 UTC). https://t.co/JyxzNRnxGd",11348282,0,NASA,2025-09-13 16:31:35+00:00,Twitter API v2
991614d23d222ecaeea083a232ebfdeec5bec1b5,"RT @NASAArtemis: üöÅ@NASA has certified a new flight training course to prepare Artemis astronauts for lunar landings. 
 
Read how NASA astro‚Ä¶",11348282,0,NASA,2025-09-12 18:42:31+00:00,Twitter API v2
cb20f89af707c2d190a7a5eff38cd03919949cb8,"RT @NASASpox: Unlocking the Golden Age of exploration here at NASA, one week at a time! 

üåï Fly YOUR name to the Moon on Artemis
üß¨ @SecDuff‚Ä¶",11348282,0,NASA,2025-09-12 16:23:47+00:00,Twitter API v2
1586bc89c277701a509cf9605a04bc0045bd82ff,"LIVE: Listen in for the latest updates on @NorthropGrumman's upcoming cargo mission to the @Space_Station, set to launch on Sunday, Sept. 14 with scientific experiments and supplies to produce pharmaceuticals that could treat cancer and other diseases: https://t.co/mNQ9NWjQ3w https://t.co/5cn6TMhEbP",11348282,0,NASA,2025-09-12 15:30:41+00:00,Twitter API v2
e305639a19c1273066e064044d8ba4f7713c0d5a,"LIVE: A Roscosmos cargo spacecraft, carrying food, fuel, and supplies for the @Space_Station, is about to lift off from Kazakhstan. The uncrewed Progress 93 craft is scheduled to lift off at 11:54am ET (1554 UTC). https://t.co/RUnSMKJLES",11348282,0,NASA,2025-09-11 15:30:24+00:00,Twitter API v2
005186e237f6571bfd11251377f734d038a6c846,"Each year, we pause and honor the Americans who died in the attacks on Sept. 11, 2001. We will always remember. https://t.co/Q8SrTAfmDr https://t.co/xD8D2hySmx",11348282,0,NASA,2025-09-11 14:52:47+00:00,Twitter API v2
4c57bc9d48d271f197f05da76a9e3a302a02f87b,"RT @NASAMars: After a year of scientific scrutiny, a rock sample collected by the Perseverance rover has been confirmed to contain a potent‚Ä¶",11348282,0,NASA,2025-09-10 16:55:20+00:00,Twitter API v2
b3bc3904ad8ad94eed0add269be5a18a3484650a,"Sapphire Canyon, a Martian sample collected by our Perseverance rover, could preserve evidence of ancient life on the Red Planet. Here's what we've learned after a year of scientific scrutiny: https://t.co/Ciohk9ly8k https://t.co/B7aYV0KH1F",11348282,0,NASA,2025-09-10 16:04:59+00:00,Twitter API v2
2a54fb83ff4a36754bc8d01a3c775accc226b3f5,"LIVE: We're sharing the latest findings from our Perseverance rover, which is studying Mars for signs of ancient life. Tune in: https://t.co/kLNbjdzUIt",11348282,0,NASA,2025-09-10 15:16:44+00:00,Twitter API v2
f73accac897fb3b3d34c916e774bc1b383281b19,"Artemis II is launching in early 2026. You coming with?

Now you can. Submissions are open to fly your name around the Moon. 

Your name will be recorded on a memory card that will be stowed inside the Orion spacecraft. Sign up here: https://t.co/5nu5GdtPvo https://t.co/ZvB1Mf4oL5",11348282,0,NASA,2025-09-09 14:56:00+00:00,Twitter API v2
5616d47ebb7b7330060e783d6234cfc094b47cb5,"RT @NASAMars: On Wednesday, Sept. 10 at 11am EDT, @NASA will host a media teleconference with Acting NASA Administrator Sean Duffy and expe‚Ä¶",11348282,0,NASA,2025-09-09 02:15:34+00:00,Twitter API v2
9970fc38521311ce6d0a44315f23d3e1dd241c8b,"Starting next month, four volunteers will spend a year inside a 3D-printed habitat at @NASA_Johnson to help us prepare for future missions to Mars.

Meet the members of our new CHAPEA crew: https://t.co/BMnXQaWq1O https://t.co/14cksVo0SS",11348282,0,NASA,2025-09-08 20:38:37+00:00,Twitter API v2
83e4bab41eb630c3323e1d55458c2a121e7cb0a4,"It‚Äôs a full moon today! üåï

Skywatchers in most of Africa, Europe, Asia and Australia may also see a lunar eclipse, or Blood Moon. Totality will begin around 1730 UTC and last for about 82 minutes.

No matter where you are, you can learn how eclipses work: https://t.co/qt42ek6ojZ https://t.co/pxXFRnSjUE",11348282,0,NASA,2025-09-07 13:51:47+00:00,Twitter API v2
4f09513879168687d72152c11b236272aa15fc16,"This galaxy is an astronomer's delight.
 
Newly-forming stars, a supermassive black hole, and incredibly powerful X-rays can all be found within NGC 7456, seen here by @NASAHubble: https://t.co/6Qe3sGl8oQ https://t.co/B9j8t1shb3",11348282,0,NASA,2025-09-05 20:26:01+00:00,Twitter API v2
bc14c7d7d9ae1e513950d5f6736ca7f6928b207b,"RT @NASASpox: Laser-focused on Artemis this week as we work to WIN the second space race!

üåñ@SecDuffyNASA vows to beat China to the Moon
üöÄ‚Ä¶",11348282,0,NASA,2025-09-05 19:59:58+00:00,Twitter API v2
8dca095676627a755c802d4fddffd615dfe6084c,"RT @SecDuffyNASA: The 400th episode of Houston We Have a Podcast is out TODAY!

We talk about our missions to the Moon and Mars in order to‚Ä¶",11348282,0,NASA,2025-09-05 17:58:05+00:00,Twitter API v2
7a004a3d07e91c18a8d7dcd92538b5dcb2090f6a,"""We want to continue to inspire these young kids about human exploration and what's beyond Earth's orbit. I think that's the coolest thing.""

Hear @SecDuffyNASA's perspective on the future of spaceflight in the latest episode of Houston We Have a Podcast: https://t.co/VG7Dbg2UTU https://t.co/8LKH0YWtvm",11348282,0,NASA,2025-09-05 16:58:17+00:00,Twitter API v2
b798d23fd0dcaad623fab151ce1aa7298b6ef29e,"RT @SecDuffyNASA: We will get to the Moon under President Trump‚Äôs term. Our mission is Artemis.

We WILL win the second space race. China w‚Ä¶",11348282,0,NASA,2025-09-05 15:52:01+00:00,Twitter API v2
ad6158713c0a7c4d21567279ba6df41e4d767324,"We're bringing more science to the @Space_Station!
 
In mid-September, Northrop Grumman's 23rd cargo mission to the station will lift off with experiments to study UV light and produce medicines. Read more about what else is aboard: https://t.co/Yrw6wqkbiy https://t.co/qx3p4fUVMv",11348282,0,NASA,2025-09-04 16:52:23+00:00,Twitter API v2
50a137505522519929ca0f3bd338ed973898a98a,"LIVE: Discover how two new NASA missions will map our solar system‚Äôs boundaries and study potentially hazardous space weather.

The Interstellar Mapping and Acceleration Probe (IMAP) &amp; the Carruthers Geocorona Observatory are set to launch Sept. 23: https://t.co/bBkESTw0JR https://t.co/zK6zGInjAc",11348282,0,NASA,2025-09-04 16:08:19+00:00,Twitter API v2
5ddeb9e41e91529f0f62298b4de6c00e62a5b4b8,"RT @NASAWebb: No more hiding, I‚Äôll be shining, like I‚Äôm born to be! üé∂

Webb captured newborn stars glowing in the infrared within clouds of‚Ä¶",11348282,0,NASA,2025-09-04 14:45:57+00:00,Twitter API v2
0d75d9b82759dd40bbf2888f6fdfb8a48c43d8f5,"The next chapter in space exploration. 

@SecDuffyNASA gives us a look at what's ahead during an upcoming episode of Houston We Have a Podcast. The full conversation will be released Friday, Sept. 5: https://t.co/NATX1aAAcr https://t.co/GGGQa4tvJ7",11348282,0,NASA,2025-09-03 15:25:32+00:00,Twitter API v2
7f4bbef77d5a606665bec852be0a3c96896f92ff,"Get ready for autumn skies üçÇ 
 
In September, you‚Äôll get a good look at Saturn and see a celestial trio before sunrise mid-month. Get more details about what to expect from this month‚Äôs night skies: https://t.co/ClHjcD6zgu https://t.co/ItoxUVfisB",11348282,0,NASA,2025-09-02 16:00:24+00:00,Twitter API v2
f965dc5f72cd42afbd86dbe4dd725dd4ff2158ce,"RT @NASASpox: Ensuring American dominance on the final frontier this week at NASA:

ü©∫ CRS-33 delivers medical experiments
üá∫üá∏ @SecDuffyNASA‚Ä¶",11348282,0,NASA,2025-08-29 19:32:31+00:00,Twitter API v2
5ed46112da2e8a63f4d5d8afc4e5989883a665e5,"On our latest episode of Houston We Have a Podcast, astronaut Suni Williams talks about her time aboard the @Space_Station and what she's been up to since returning to Earth: https://t.co/KAHyzegxSq https://t.co/4QSZBCPhSw",11348282,0,NASA,2025-08-29 16:11:01+00:00,Twitter API v2
b57cec0efb05f4a450638b1e09a5f7eef7bce46b,"RT @NASAArtemis: POV: You‚Äôre looking at the Moon outside of your window on the Orion spacecraft. 

This visualization simulates what the cr‚Ä¶",11348282,0,NASA,2025-08-28 21:18:38+00:00,Twitter API v2
6aa831fe1dc826d03009392735df20c100d7b749,@Space_Station Learn more about the International Space Station: https://t.co/wdAQZ4JGZF,11348282,0,NASA,2025-08-27 19:47:38+00:00,Twitter API v2
3e13629cb53d1f8fa81c55cadbe6419a1c85bb4a,"What's it like to fly through the @Space_Station?

Astronaut Matthew Dominick took this hands-off video during his mission to the orbiting laboratory in 2024. https://t.co/1Od2ZkzCRn",11348282,0,NASA,2025-08-27 19:47:37+00:00,Twitter API v2
db23c70604afc968cce3713a49859c2ef50b13a9,"RT @zenanaut: Boop! We have a new Dragon at the bow of our @Space_Station. This one is full of cargo instead of friends, but the whole crew‚Ä¶",11348282,0,NASA,2025-08-26 20:04:40+00:00,Twitter API v2
0a5ca1130b8fdc6c71043a8856f3fee7cfbdcb7c,"RT @NASASolarSystem: As NASA continues to study the interstellar comet 3I/ATLAS, two space telescopes have made new observations, together‚Ä¶",11348282,0,NASA,2025-08-26 14:13:49+00:00,Twitter API v2
5670308285098ef44619bcd467005ae8b6b4206b,"RT @NASA_Johnson: What do astronauts eat in space? üåÆ 

Crews need nutritious meals to keep them healthy, focused, and energized! Learn abou‚Ä¶",11348282,0,NASA,2025-08-25 15:55:04+00:00,Twitter API v2
870c52f9d77e72d4c9436fa303bc12ebba13eec9,"Your package has arrived... at the @Space_Station üì¨

@SpaceX's Dragon spacecraft, carrying cargo and scientific experiments, docked with the orbiting laboratory at 7:05am ET (1105 UTC). https://t.co/8xNnzlmisH",11348282,0,NASA,2025-08-25 11:09:18+00:00,Twitter API v2
c35c372f03a24128130b1ccf4fe42d39b0e8b094,"LIVE: After a successful launch, watch as @SpaceX's 33rd commercial resupply mission arrives at the @Space_Station loaded with food, equipment, and science in tow. https://t.co/Nlr7Yl2San",11348282,0,NASA,2025-08-25 10:00:29+00:00,Twitter API v2
2153849cb0c4ec7775f230d5396866fa3df5ef25,"@Space_Station @SpaceX With over 5,000 pounds (2,300 kg) of cargo, @SpaceX‚Äôs 33rd commercial resupply mission is on its way to the @Space_Station. It is scheduled to arrive on Aug. 25 around 7:30am ET (1130 UTC). https://t.co/8yjikivH0b https://t.co/pmMHp5ZF3f",11348282,0,NASA,2025-08-24 07:21:57+00:00,Twitter API v2
c45af8ee82034dd4e8065baf1c30baec7cb3cb05,"@Space_Station @SpaceX We have liftoff! At 2:45 am ET (0645 UTC), @SpaceX's Dragon spacecraft launched from Florida, carrying science and supplies to the @Space_Station. https://t.co/8VU68hodSL",11348282,0,NASA,2025-08-24 06:49:56+00:00,Twitter API v2
ef9816e9e07d7b93ecd00a2888480f19e6e7806e,@Space_Station @SpaceX Implantable nerve devices and bioprinted tissues are some of the science going up to the @Space_Station with this launch. Read more about the rest: https://t.co/UVS5xxBs2C https://t.co/CLKKsKZbOq,11348282,0,NASA,2025-08-24 06:46:08+00:00,Twitter API v2
6db6124ad2cb9268110414d9d75de04183742f1c,"LIVE: A new shipment of science and supplies is soon sailing to the @Space_Station!

@SpaceX's 33rd commercial resupply mission to the station is scheduled to lift off at 2:45am ET (0645 UTC). https://t.co/CTt1HUTvcM",11348282,0,NASA,2025-08-24 06:27:09+00:00,Twitter API v2
10e9893836c1fc897d8b549f91c878a3a1140d3a,"@TreeFarmGhost We have plenty of posts for you to explore over at https://t.co/mXF2ZdJ64r. From gorgeous photos of our universe and home planet to cosmic-themed craft projects, it's all there. Happy scrolling!",11348282,0,NASA,2025-08-22 21:01:50+00:00,Twitter API v2
b73676dabc7cb6f309a6e34d6da63a5c6ad43fbd,"RT @NASA_Johnson: Built for deep space. Tested with astronauts.üöÄ
 
On this week‚Äôs #HWHAP, Chris Edelen, acting vehicle integration office m‚Ä¶",11348282,0,NASA,2025-08-22 20:47:00+00:00,Twitter API v2
3fc62ec08a91f55846a61e65aa64abb249a82e6f,"RT @NASASpox: Hard at work to unlock the Golden Age of innovation this week @NASA:

üßë‚ÄçüöÄ @SecDuffyNASA visited @NASA_Johnson
‚úàÔ∏è National Avi‚Ä¶",11348282,0,NASA,2025-08-22 18:52:48+00:00,Twitter API v2
b6ed4e512763c541bb4ec90f98486af23505c300,"Rocket engine development is slow and tough, but NASA science has RAMPT that process up üöÄ
 
Innovators at @NASA_Marshall developed new techniques to 3D print engine parts‚Äînow, they're working with industry to scale up the tech and make it broadly available: https://t.co/UGeE32zIYx",11348282,0,NASA,2025-08-22 17:57:02+00:00,Twitter API v2
4d1abaf0184d8c5720c6bfa9e92b1088b3637160,"One of these plushies will fly around the Moon!

The team received thousands of entries for the Moon Mascot contest ‚Äî and narrowed them down to 25 finalists!

Which zero gravity indicator do you think should join the Artemis II mission? https://t.co/KfVT8krDy1 https://t.co/KinEca6sGm",11348282,0,NASA,2025-08-22 16:10:25+00:00,Twitter API v2
94d03ba274f07c06ae11f4f57b5bafd7b51e174b,"Give @ChandraXRay a hand!

With Chandra's X-ray vision and radio data from telescopes in Australia, astronomers are getting a new look at this ghostly nebula: https://t.co/EHVozn3TP3 https://t.co/tNKSXPuH44",11348282,0,NASA,2025-08-21 19:03:20+00:00,Twitter API v2
7daa48ca6626b33151edcb14fb5815cad9abb554,"RT @SpaceApps: 18 NASA #SpaceApps challenges for all interests &amp; skill levels are now live, plus team formation is open!üöÄüåçüõ∞Ô∏è 

Explore topi‚Ä¶",11348282,0,NASA,2025-08-21 16:11:34+00:00,Twitter API v2
a075b949d5b38cd690a8bc9a9189edf56a8e1d8d,"The DART mission set out to study whether changing an asteroid‚Äôs motion in space through kinetic impact ‚Äì that is, crashing into it ‚Äì was a viable technique to use if an asteroid on a collision course with Earth were ever discovered. Learn more: https://t.co/hsWW8Y5Qeg",11348282,0,NASA,2025-08-21 15:38:57+00:00,Twitter API v2
105986f0dc75cefbd7f13d8aa9565dd7126544e1,"Remember when we crashed a spacecraft into an asteroid?

Scientists studied images from LICIACube, the Italian Space Agency's satellite, and found that 35.3 million pounds of rubble spewed from the asteroid, having a dramatic effect on its trajectory: https://t.co/aoFWCYItiZ https://t.co/eNY71Icc09",11348282,0,NASA,2025-08-21 15:38:57+00:00,Twitter API v2
1ea80eeb6e02564efe7aad9004061b617816e521,"Next month, we're announcing our newest class of NASA astronaut candidates‚Äîand hosting a series of in-depth discussions about our upcoming Artemis II mission around the Moon. 

Here's how you can hear from our Artemis II crew: https://t.co/oGnXNbYvkb https://t.co/zcLm2qi2QS",11348282,0,NASA,2025-08-20 21:02:49+00:00,Twitter API v2
f78473422a44eb0a8ac039c7491fc5310dd5c3fb,"LIVE: After returning to Earth earlier this month, the astronauts of Crew-10 are talking about their recent science mission to the @Space_Station.
 
Have any questions for the crew? Submit them using #AskNASA. https://t.co/aZYNgWKrtp",11348282,0,NASA,2025-08-20 20:15:59+00:00,Twitter API v2
412c948f44ee29a8570b303167e5cbba0ddcedcb,"@Corners589 @NASAWebb It went unnoticed likely due to its relatively tiny size! At only six miles in diameter, this new moon is smaller and fainter than any of the planet's other inner moons discovered to date.",11348282,0,NASA,2025-08-20 16:16:57+00:00,Twitter API v2
